"Name","Benutzer","Passwort","Notizen","Webseite","Ordner","Tags","Favorit","Bearbeitet am","Id","Version","Ordner Id"
"Facebook","zuckerberg","SozialisierungParteiischeres","","https://www.facebook.com","Social Media","Social,Community","nein","Thu Sep 21 2017 22:41:14 GMT+0200 (CEST)","c9b12eb8-5faa-427b-907c-de13d618af47","93d10430-beb4-445b-95ee-43312d6e61f4","2bca0b6f-fdd1-4f91-8892-c179df32b296"
"Google","page","UnüblichsterFortbestünden","","https://www.google.com","Private","","nein","Mon Jul 25 2016 22:41:14 GMT+0200 (CEST)","76d640fc-1637-49c4-bec8-72f0d40d6b47","1cad86bb-ab78-41a0-a8f4-0086104833de","f314c8a0-3733-482f-8295-f18195a8ec43"
"Microsoft","gates","EdleresMarkierter","","https://www.microsoft.com","Work","Software","nein","Mon May 30 2016 22:41:14 GMT+0200 (CEST)","89ab9c21-cf20-4fac-997b-3487ddaea2f3","f41f0fab-d241-416c-9449-dc21f376e61f","4a631e6f-6ea0-443b-a3f2-ab4b3e5b4eb2"
"Amazon","bezos","""Wettrü$tendesAbr0llendem","One of the largest online shopping websites in the world. The site is widely known for its wide selection of books, although the site has expanded to sell electronics, music, furniture, and apparel. Similar to eBay, users can also purchase and sell items using Amazon's online marketplace system. Amazon was founded in 1995 by Jeff Bezos and is based out of Seattle, Washington.","https://www.amazon.com","Shopping","Shopping","ja","Sun Mar 04 2018 13:17:17 GMT+0100 (CET)","289154c1-3e36-40f6-a65e-dc132ce483de","28b3e1a0-f8ee-4cff-baf7-be97f888d200","0dd479a8-c1dd-4f65-b4b5-36fe0a3ce70c"
"skype.com - myskypename","myskypename","HineintretenderHelltönende","","https://www.skype.com","Social Media","Messenger,Social,Communication","nein","Thu Nov 03 2016 21:41:14 GMT+0100 (CET)","69ead779-0423-40c7-8000-5ebd2704d6cf","0ff2641a-cbbd-4107-b2b6-135bbf098476","2bca0b6f-fdd1-4f91-8892-c179df32b296"
"apple.com - steve","steve","KnacklautenArbeitsgericht","","https://www.apple.com","Smartphone","Software,Hardware","nein","Tue Feb 27 2018 21:41:14 GMT+0100 (CET)","647215cb-f069-4b79-8b02-afd19c80b59b","d5fb3af7-3b1e-4dd7-b673-e9c40674f4b2","9cbc4191-d98f-4352-be02-9a41f9178c62"
"Whatsapp","+49123456","VorgezeichnetWeiträumigeres","# WhatsApp
More than **1 billion people** in over **180 countries** use WhatsApp to stay in touch with friends and family, anytime and anywhere. WhatsApp is free and offers simple, secure, reliable messaging and calling, available on phones all over the world. 


## Our Mission
WhatsApp started as an alternative to SMS. Our product now supports sending and receiving a variety of media: text, photos, videos, documents, and location, as well as voice calls. Our messages and calls are secured with end-to-end encryption, meaning that no third party including WhatsApp can read or listen to them. Behind every product decision is our desire to let people communicate anywhere in the world without barriers.

## Our Team
WhatsApp was founded by Jan Koum and Brian Acton who had previously spent 20 years combined at Yahoo. WhatsApp joined Facebook in 2014, but continues to operate as a separate app with a laser focus on building a messaging service that works fast and reliably anywhere in the world.

From [WhatsApp](https://www.whatsapp.com/about/)","https://www.whatsapp.com","Messengers","Social,Messenger,Communication","nein","Fri Feb 10 2017 21:41:14 GMT+0100 (CET)","29543557-e81b-451e-865d-54e4c9d61325","7b087fbd-bedc-4afe-a21d-e6c73f6a0fab","b40d6cbf-40bd-4fc2-9abd-bd73652da62c"
"Telegram","+49456789","AnwinkelndenVortritten","","https://telegram.org/","Messengers","Social,Messenger,Communication","ja","Sun Jan 28 2018 21:41:14 GMT+0100 (CET)","84bb7f45-f4f2-4e0c-bc95-c905e15a4a6c","cfe21698-d635-40a2-9287-5ed41699d01b","b40d6cbf-40bd-4fc2-9abd-bd73652da62c"
"Zalando","shoes","UnangebrachterGasfeuerung","","https://www.zalando.de/","Shopping","Shopping","nein","Sat May 06 2017 22:41:14 GMT+0200 (CEST)","0ab1bdc0-8b96-4d4e-bc49-be081c53fe40","6a257c2a-621d-4038-8168-813dfc7deffd","0dd479a8-c1dd-4f65-b4b5-36fe0a3ce70c"
"Alternate.de","buypc","RatenzahlungsvereinbarungenGewinnanteils","","https://www.alternate.de/","Shopping","Shopping,Hardware","nein","Wed Mar 29 2017 22:41:14 GMT+0200 (CEST)","4659d883-f020-44e2-a716-a723a8b4933f","7146175c-1b7b-4ed9-8054-a5792b235e7b","0dd479a8-c1dd-4f65-b4b5-36fe0a3ce70c"
"Conrad","someone","AugenfälligerenZeitplanens","","https://www.conrad.de/","Shopping","Shopping,Hardware,Software","nein","Sun Mar 05 2017 21:41:14 GMT+0100 (CET)","910d011c-4b08-47e2-a69a-5098b94f9cc3","74f5ede8-45b4-435f-a488-4b42da159130","0dd479a8-c1dd-4f65-b4b5-36fe0a3ce70c"
"Digitalo.de","buyer","VertrauensbildendemAusströmend","","https://www.digitalo.de/","Shopping","Shopping,Hardware","nein","Mon Oct 09 2017 22:41:14 GMT+0200 (CEST)","e00fe484-fb8a-4148-9c18-293b080ba48a","9b46afae-5b44-415a-8bf8-8fa1e2ae2158","0dd479a8-c1dd-4f65-b4b5-36fe0a3ce70c"
"YouTube","famous","DurchstreiftenEs","","https://www.youtube.com/","Entertainment","Community,Social,Streaming,Video","nein","Thu Dec 08 2016 21:41:14 GMT+0100 (CET)","a0e68bfb-1fa1-44e4-8fe4-e895fc6458e6","8691db5d-5cb2-400a-94ec-95f15b53ebde","b4e7fb45-8459-456b-9074-10b2d2d8a46d"
"Twitch.tv","streamer","HexadezimalanzeigeKribbelndes","","https://www.twitch.tv/","Entertainment","Gaming,Community,Social,Streaming","nein","Tue Oct 25 2016 22:41:14 GMT+0200 (CEST)","52dfeaa4-cc08-4ede-9dce-2fe8ad43bfa2","c1da6f9c-aa90-4fe7-855f-096ad1b38d38","b4e7fb45-8459-456b-9074-10b2d2d8a46d"
"Twitter","dorsey","HergestelltemZurückbehaltener","","https://twitter.com/","Smartphone","Community,Communication","nein","Wed Jun 01 2016 22:41:14 GMT+0200 (CEST)","7f5acda1-a128-4801-8617-4076af212ee3","9f88e07e-d71d-4104-9ae1-6fff9550f35e","9cbc4191-d98f-4352-be02-9a41f9178c62"
"Google Plus","brin","VerrostetAufpumpenden","","https://plus.google.com/","Social Media","Community,Social","nein","Fri May 05 2017 22:41:14 GMT+0200 (CEST)","fecc69a4-3a82-4d2a-a799-da0c30b4aa65","da5efd92-b519-4a1c-90cf-a9e8dcc16850","2bca0b6f-fdd1-4f91-8892-c179df32b296"
"Teamviewer","desktop","DemontagefallHerausgewagter","","https://www.teamviewer.com/de/","Work","Messenger","nein","Sun Apr 23 2017 22:41:14 GMT+0200 (CEST)","684409de-4bd0-42a1-bb31-ce43872a2ffa","7d574476-d6e7-42e4-bc4b-eb66aa2b420e","4a631e6f-6ea0-443b-a3f2-ab4b3e5b4eb2"
"Slack","chat","NeuphilologischeSäurehaltigerem","","https://slack.com/intl/de-de","Work","Communication,Messenger,Social","nein","Tue Jan 09 2018 21:41:14 GMT+0100 (CET)","6df6ebeb-d657-44a7-be32-5c9163cc3d76","017d977d-d6a3-463b-b4ee-fa8c2e645280","4a631e6f-6ea0-443b-a3f2-ab4b3e5b4eb2"
"Deutsche Bank","bank","InstrumentationenHineinführend","","https://www.deutsche-bank.de/pfb/content/privatkunden.html","Financial","Money","nein","Sat Feb 25 2017 21:41:14 GMT+0100 (CET)","28116049-2405-4f9b-a47d-0f6d658620dc","e1ac810f-3bcf-4c99-be9b-b5c5814dd517","99915f7e-7e12-44e6-b76e-e26ad3258ec6"
"PayPal","pay","PreiserhöhungAbgebürstete","","https://www.paypal.com/de/webapps/mpp/home","Financial","Money","nein","Sun Apr 10 2016 22:41:14 GMT+0200 (CEST)","1013ae29-32dd-4f84-9741-f0a812349f88","ca21c7d0-e356-4756-8ba3-14b94cfe0594","99915f7e-7e12-44e6-b76e-e26ad3258ec6"
"PayDirekt","geld","MorgenstundeAnklagst","","https://www.paydirekt.de/account/#/login?registration","Financial","Money","nein","Thu Dec 21 2017 21:41:14 GMT+0100 (CET)","3b848e3d-5355-468c-9713-281c38463952","7c343ca7-009a-480d-b4ce-3b0faada8996","99915f7e-7e12-44e6-b76e-e26ad3258ec6"
"ebay.de - seller","seller","HerzigerHerzförmiger","","https://www.ebay.de/","Shopping","Shopping","nein","Tue Apr 26 2016 22:41:14 GMT+0200 (CEST)","ab79f142-15fa-497a-832c-71ef8f60dd94","c43ac3fe-4bb9-4c45-b54b-9ad3ac2f73dc","0dd479a8-c1dd-4f65-b4b5-36fe0a3ce70c"
"Stackoverflow","ask","AnfachtestLockigem","","https://stackoverflow.com/","Development","Community,Software,Developer","nein","Wed Feb 28 2018 21:41:14 GMT+0100 (CET)","96cc4ecd-6cf2-4739-b8f6-7730db176c59","32fddf34-8c18-42f0-8580-0879a94b5f40","4c36124d-5349-48bd-b2d3-73a43045f76c"
"Amazon AWS","hosting","AnschaffstBewegter","","https://aws.amazon.com/de/","Work","Software,Developer,Cloud Services","nein","Thu Apr 07 2016 22:41:14 GMT+0200 (CEST)","a6656b91-8837-4b63-b0bf-599877c775b6","906afd8b-ac61-48ef-85c0-80df68ace14f","4a631e6f-6ea0-443b-a3f2-ab4b3e5b4eb2"
"Steam","gabe","VerkrustendUmarmungen","# Steam
**Steam** is a digital distribution platform developed by **Valve** Corporation, which offers digital rights management (DRM), multiplayer gaming, video streaming and social networking services. Steam provides the user with installation and automatic updating of games, and community features such as friends lists and groups, cloud saving, and in-game voice and chat functionality. The software provides a freely available application programming interface (API) called Steamworks, which developers can use to integrate many of Steam's functions into their products, including networking, matchmaking, in-game achievements, micro-transactions, and support for user-created content through Steam Workshop. Though initially developed for use on Microsoft Windows operating systems, versions for OS X and Linux were later released. Mobile apps with connected functionality with the main software were later released for iOS, Android, and Windows Phone devices in the 2010s.","http://store.steampowered.com/","Hobbies","Software,Community,Social,Shopping,Gaming","ja","Tue Jan 31 2017 21:41:14 GMT+0100 (CET)","7ac2d17f-b204-4f23-a643-83b9a345d91c","1f2e147f-3288-4109-9fcc-c2b8640f2c22","160a73c5-583c-429c-99c4-bb71e2ce4262"
"Humble Bundle","games","AufzeichnungsträgerRüstungsanstrengungen","","https://www.humblebundle.com/","Hobbies","Gaming,Software,Shopping","nein","Fri May 20 2016 22:41:14 GMT+0200 (CEST)","3b7eadb7-a27f-42b0-9c5e-543d60cb01ad","e7ecf6e5-c523-4fe9-ae63-2fdded527e70","160a73c5-583c-429c-99c4-bb71e2ce4262"
"GoG","games","SonderangebotesVerwandtesten","","https://www.gog.com","Hobbies","Software,Shopping,Gaming","nein","Fri Jul 29 2016 22:41:14 GMT+0200 (CEST)","f9c72402-98bb-470c-afed-4befda1ac934","5d8187a3-70f4-46ac-aecb-c7b7cbe2958f","160a73c5-583c-429c-99c4-bb71e2ce4262"
"KickStarter","me","InterkommunalenKartellabsprache","","https://www.kickstarter.com/","Financial","Money,Shopping,Community,Crowdfunding","nein","Sat Sep 03 2016 22:41:14 GMT+0200 (CEST)","3e9e9cc6-cf61-4641-afb0-fb17ed2ef8f4","0bcad5d8-90fc-4641-9fc8-75d0ce39f76b","99915f7e-7e12-44e6-b76e-e26ad3258ec6"
"IndieGoGo","supporter","ZweifelhaftesterUmhörende","","https://www.indiegogo.com/","Financial","Money,Community,Crowdfunding","nein","Wed Mar 29 2017 22:41:14 GMT+0200 (CEST)","7ca2bfaa-8e72-4dcc-b64c-e058b628711d","aeaf5d49-e2ed-4990-be43-9b74e3ea13a9","99915f7e-7e12-44e6-b76e-e26ad3258ec6"
"GoFundMe.com","fund","ReuigstesVorbeikommen","","https://www.gofundme.com/","Financial","Money,Community,Social,Crowdfunding","nein","Sun Apr 24 2016 22:41:14 GMT+0200 (CEST)","d66dda16-ad50-483a-bab1-97fa4227d8a7","f1ad0a2c-0ab7-458e-99a6-7f22674dc20b","99915f7e-7e12-44e6-b76e-e26ad3258ec6"
"GitHub","dev","GasherdesEndgültigstem","","https://github.com/","Development","Software,Community,Developer","nein","Sat Jun 18 2016 22:41:14 GMT+0200 (CEST)","9178b197-0bf9-4754-94be-d3e36750f1db","e4b96419-6e7a-4f1c-89ed-4c53a1244f69","4c36124d-5349-48bd-b2d3-73a43045f76c"
"GitLab","dev","VorpostensRegenbogens","","https://gitlab.com/explore","Development","Software,Community,Developer","nein","Sat Feb 03 2018 21:41:14 GMT+0100 (CET)","b7c8e1f0-0764-49fe-b390-3282e58e87d1","86c84e14-33be-49e5-94bd-10c4019e4ba5","4c36124d-5349-48bd-b2d3-73a43045f76c"
"Nextcloud","files","HumanistischerAngelgelegenheiten","","https://nextcloud.com/","Work","Cloud Services","ja","Mon Sep 25 2017 22:41:14 GMT+0200 (CEST)","ac2233bc-e494-4343-840d-2d6356f2934f","4b9bfb43-5981-4d02-bcf3-447b8dd701fa","4a631e6f-6ea0-443b-a3f2-ab4b3e5b4eb2"
"DropBox","upload","MagerjahrenZimbel","","https://www.dropbox.com/","Work","Cloud Services","nein","Mon Dec 26 2016 21:41:14 GMT+0100 (CET)","8cae3c92-484e-4a3e-830f-b275ec21c285","58e89bf7-5317-423e-ab9e-fc4d53cd2ef4","4a631e6f-6ea0-443b-a3f2-ab4b3e5b4eb2"
"LinkedIn","employee","EntwarfenSpleens","","https://de.linkedin.com/","Work","Networking,Social","nein","Fri Aug 05 2016 22:41:14 GMT+0200 (CEST)","9df49e06-4b03-4176-8ca9-e071ff1845a4","5755d08a-3604-4404-9451-a8547b9e606d","4a631e6f-6ea0-443b-a3f2-ab4b3e5b4eb2"
"xing.com - user","user","PräsidierendesBeinhalteter","","https://www.xing.com/","Work","Networking,Social,Community","nein","Thu Sep 29 2016 22:41:14 GMT+0200 (CEST)","602da9ff-9b1f-49d3-87a8-24bc3e2a074c","25012e5e-dc98-47a0-96d2-0695df08d486","4a631e6f-6ea0-443b-a3f2-ab4b3e5b4eb2"
"AMD","ryzen","AufzustellendeMenschheitssache","","http://www.amd.com/de","Work","Hardware","nein","Fri Dec 08 2017 21:41:14 GMT+0100 (CET)","d4bfa705-c5b8-4b37-bf60-222853eefc2d","d786f52c-b081-447c-8031-759a9f315bcf","4a631e6f-6ea0-443b-a3f2-ab4b3e5b4eb2"
"playstation.com - ps2","ps2","password","","https://www.playstation.com/","Hobbies","Gaming,Community,Social,Software","nein","Mon Nov 27 2017 21:41:14 GMT+0100 (CET)","02e62752-b682-4f82-9b7d-4ca920031c30","338279b6-2f40-44b6-a088-2403f743d707","160a73c5-583c-429c-99c4-bb71e2ce4262"
"Creative Cloud","creator","123456","","http://www.adobe.com/","Work","Cloud Services","nein","Sun Oct 02 2016 22:41:14 GMT+0200 (CEST)","2fdc5dda-febc-4a36-9da8-34aef9314fd2","ead6cc95-06a3-4b68-bbf2-283b873bd174","4a631e6f-6ea0-443b-a3f2-ab4b3e5b4eb2"
"Threema","chat","WohlbehagenZurückerbeten","","https://threema.ch/de","Messengers","Messenger","nein","Fri May 12 2017 22:41:14 GMT+0200 (CEST)","0f618bbe-ed16-4eb7-afaa-b5705b1aab4c","5783cf68-6ce3-474f-8995-6b4a8c09ed2e","b40d6cbf-40bd-4fc2-9abd-bd73652da62c"
"Signal","secure","ErstattestAbwerbe","","https://signal.org/","Messengers","Messenger,Communication","nein","Thu Mar 31 2016 22:41:14 GMT+0200 (CEST)","1a66da30-17d6-4802-95de-36ec29ae90e3","bc39443e-6dd6-4ec5-a80a-ef5c84a6c50d","b40d6cbf-40bd-4fc2-9abd-bd73652da62c"
"sparkasse.de - konto","konto","PrivatangelegenheitLeidendes","","https://www.sparkasse.de/","Financial","Money","nein","Thu Feb 22 2018 21:41:14 GMT+0100 (CET)","9f82647a-78e2-4531-bc6c-3e9f9ce820d3","17eb392e-1ab8-4f8c-aed2-0a5361eef824","99915f7e-7e12-44e6-b76e-e26ad3258ec6"
"Sparda Bank","anlage","TrübsinnigeSteuerzugeständnisse","","https://www.sparda-bw.de/","Financial","Money","nein","Tue Oct 18 2016 22:41:14 GMT+0200 (CEST)","5b057729-b8b8-4b36-8c70-da3bc671f3f1","aec0de91-bd12-4204-98bc-013041e34564","99915f7e-7e12-44e6-b76e-e26ad3258ec6"
"JetBrains","ide","DreamiestBookcase","","https://www.jetbrains.com/","Development","Developer","nein","Sat May 20 2017 22:41:14 GMT+0200 (CEST)","5918061d-c6a3-4699-9aa6-ad913de52519","0f7a68d7-d563-4450-a178-493b46a85102","4c36124d-5349-48bd-b2d3-73a43045f76c"
"Netflix","watch","PuncturedPotassium","","https://www.netflix.com/de/","Entertainment","Streaming,Video","nein","Tue Sep 27 2016 22:41:14 GMT+0200 (CEST)","492fa790-4672-405a-b636-390b4e54089c","aff332c5-9e59-4a1d-b7fe-e6c72106d6e7","b4e7fb45-8459-456b-9074-10b2d2d8a46d"
"HBO","got","FlammableBlackening","","https://www.hbo.com/","Entertainment","Streaming,Music","nein","Sat Aug 12 2017 22:41:14 GMT+0200 (CEST)","fa4d0e7d-67db-40db-97a5-3ecc50b09d3f","6fc2cb94-1129-41bd-ad16-788e76faec23","b4e7fb45-8459-456b-9074-10b2d2d8a46d"
"Spotify","music","WoollyRobbery","","https://www.spotify.com/de/","Entertainment","Streaming,Music","nein","Sun Jul 16 2017 22:41:14 GMT+0200 (CEST)","cca054c0-6c99-4fac-b6e3-e48996eb7e5d","b3ad3bfe-d9fd-43fa-be44-50fba2ce3825","b4e7fb45-8459-456b-9074-10b2d2d8a46d"
"Deezer","laut","MitigatedJeering","","https://www.deezer.com/de/","Entertainment","Streaming,Music","nein","Tue Feb 21 2017 21:41:14 GMT+0100 (CET)","7ef99dfd-71d6-4b1c-9a35-af5824fccb21","da48d9a6-e78c-40f3-bdfe-b007c9ce0f0f","b4e7fb45-8459-456b-9074-10b2d2d8a46d"
"magine.com - tv","tv","GossamerAntiquity","","https://de.magine.com/","Entertainment","Video,Streaming","nein","Tue Jan 16 2018 21:41:14 GMT+0100 (CET)","083387cf-f260-4991-a03d-41a29ca0b505","a102f230-120c-4a42-a2be-1e59c0d46d24","b4e7fb45-8459-456b-9074-10b2d2d8a46d"
"waipu.tv - watch","bored","DizziestPane","","https://www.waipu.tv/","Entertainment","Video,Streaming","nein","Sun Dec 03 2017 21:41:14 GMT+0100 (CET)","5eb7754a-b768-4263-a36d-5ae092da4562","cdeb1a97-a108-442e-99d9-263a4a6d1f82","b4e7fb45-8459-456b-9074-10b2d2d8a46d"
"Bitbucket","coder","UnchristianHindrance","","https://bitbucket.org/","Development","Community,Developer,Software","nein","Wed Sep 13 2017 22:41:14 GMT+0200 (CEST)","42a89e85-a0d5-4ab7-9a28-578c25c24d2b","362a23a8-1064-4e9a-b81c-680c44fd26ad","4c36124d-5349-48bd-b2d3-73a43045f76c"
"Mixer Streaming","streaming","AnbeiGeehrtem","**Mixer** (formerly **Beam**) is a Seattle-based live streaming video platform owned by Microsoft. The service officially launched on January 5, 2016","https://mixer.com/","Entertainment","Streaming,Gaming,Social,Community","nein","Wed May 31 2017 22:41:14 GMT+0200 (CEST)","52f04923-881d-4990-9091-662bd800d4a2","0fb97ffe-7acd-479b-8d4c-1e2b1fe011c6","b4e7fb45-8459-456b-9074-10b2d2d8a46d"
"Wikipedia Account","redakteur","AbwegigsterVerstrichst","## Wikipedia
Wikipedia is a multilingual, web-based, free-content encyclopedia project supported by the Wikimedia Foundation and based on a model of openly editable content. Wikipedia is the largest and most popular general reference work on the Internet, and is named as one of the most popular websites. The project is owned by the Wikimedia Foundation, a non-profit which ""operates on whatever monies it receives from its annual fund drives"".","https://en.wikipedia.org/w/index.php?title=Special:UserLogin&returnto=Main+Page","Private","Community","nein","Sat Sep 17 2016 22:41:14 GMT+0200 (CEST)","499f80e4-f91d-4255-9e0b-bda1ae075aca","22fd775e-1dec-4ac0-bfca-6098458b05f5","f314c8a0-3733-482f-8295-f18195a8ec43"
"The Guardian","reader","Stofff@rb3At1a$","","https://profile.theguardian.com/signin","International","News","nein","Fri Jan 06 2017 21:41:14 GMT+0100 (CET)","1e8153ee-e45d-45c5-b96a-7da2ff987a6f","f1cb4613-22fc-490b-8f7f-7b1c37d468ec","f802ce1e-5c9c-4a3a-97a3-45c50ae0aa60"
"British Times","username","D@zugosstGlück1o$3n","","https://www.thetimes.co.uk/","International","News","nein","Mon Jun 26 2017 22:41:14 GMT+0200 (CEST)","58725ac3-3053-42b9-9502-24b876e89e3c","8cca45a4-2ae3-417b-9af8-bda4d0d396eb","f802ce1e-5c9c-4a3a-97a3-45c50ae0aa60"
"New York Times","reader","Z3rschnittKun$t5z€ne","The New York Times (NYT) ist eine einflussreiche und überregionale Tageszeitung aus New York City, die von der New York Times Company geführt wird. ","https://www.nytimes.com/","International","News","nein","Mon May 16 2016 22:41:14 GMT+0200 (CEST)","a5370403-39af-436c-88fc-1fa6ad46418d","b306e18e-4639-4c97-96b9-ab11679e0f14","f802ce1e-5c9c-4a3a-97a3-45c50ae0aa60"
"Hulu","myaccount","Müh3lo$€mRütte1te","","https://www.hulu.com/tv","Entertainment","Streaming,Video","nein","Fri May 27 2016 22:41:14 GMT+0200 (CEST)","7d59a469-965d-43c4-a698-89359098002b","4dc0dc97-df70-4a64-9ff2-89a6aef25604","b4e7fb45-8459-456b-9074-10b2d2d8a46d"
"Host Europe Hosting","user123456","Hinausr@gt3Osm0s€n","This is the account for our company website hosting.

We have the service WebHosting Medium, Service can be found [here](https://www.hosteurope.de/Host-Europe/Kontakt/).","https://www.hosteurope.de/","Hosting","","nein","Sun Oct 02 2016 22:41:14 GMT+0200 (CEST)","f29b507f-ff5b-4424-89c0-01f49e831a31","2a4f6695-9003-4306-9b96-a18f493d6211","b276ab30-2cb0-447f-8169-066ffcfabeb7"
"Hetzner Server","server","Zur3d€nFutter@1s","This is our dedicated Server. Type EPYC AX160-NVMe","https://www.hetzner.de/","Hosting","","nein","Wed Feb 08 2017 21:41:14 GMT+0100 (CET)","d04ddab2-88ef-4679-9459-3c2c2c345eb8","2cd22244-90e3-4b05-a329-9854f0a4efa5","b276ab30-2cb0-447f-8169-066ffcfabeb7"
"Maxcluster Webshop Hosting","eshop","K@1kart!g3mTränkt","This is our webshop. ***!!! Important !!!***","https://maxcluster.de/","Hosting","","nein","Tue Jan 16 2018 21:41:14 GMT+0100 (CET)","44222322-e6e4-4985-95c8-5afa2ea3c62c","bed69d71-94ed-4528-a1d4-2daaa92d8815","b276ab30-2cb0-447f-8169-066ffcfabeb7"
"Zeit.de","anonymous","Pr0z3ntsKn€if$t","## DIE ZEIT
Die Zeit (in der Schreibweise des Verlags: DIE ZEIT) ist eine überregionale deutsche Wochenzeitung, die erstmals am 21. Februar 1946 erschien. Seit dem 1. Juli 1996 gehört der Zeitverlag und somit Die Zeit zur Verlagsgruppe Georg von Holtzbrinck. Sie erscheint jeden Donnerstag; an Feiertagen wird der Erscheinungstag in der Regel vorgezogen.

Den Herausgeberrat der Zeit bilden Jutta Allmendinger, Zanny Minton Beddoes, Florian Illies, Josef Joffe und René Obermann. Weitere Herausgeber waren unter anderen Gerd Bucerius, Marion Gräfin Dönhoff, Helmut Schmidt, Theo Sommer und Michael Naumann.

Erscheinungsort ist seit jeher Hamburg. Die Zeit unterhält Redaktionsbüros in Baden in der Schweiz, Berlin, Brüssel, Dresden, Frankfurt am Main, Moskau, New York, Paris, Istanbul, Washington, D.C. und Wien. Korrespondenten der Zeit arbeiten in Neu-Delhi, Peking, Tel Aviv, London und Rom.","http://www.zeit.de/index","News","News","nein","Sun May 29 2016 22:41:14 GMT+0200 (CEST)","24078097-86e6-4e68-821d-c3329ca8d564","36568411-dd67-4752-8c38-62462ad47d70","e5359128-6b69-498c-9e4a-e9b7e36ef44c"
"F.A.Z","reader","Trächt!g3r€ntw0rfener","","http://www.faz.net/aktuell/","News","News","nein","Thu Jun 09 2016 22:41:14 GMT+0200 (CEST)","003b176d-7b94-495f-aaa4-0b583599ba5d","f43659ce-3ddf-4695-8999-db6ee57e1186","e5359128-6b69-498c-9e4a-e9b7e36ef44c"
"SZ.de","redakteur","G3f1öt€tGewertet€r","","http://www.sueddeutsche.de/","News","News","nein","Sun Aug 06 2017 22:41:14 GMT+0200 (CEST)","1fc59f7f-a675-413b-809c-5bd2bc01f37d","1fd13bf5-e440-422d-bdc4-0d69ea922779","e5359128-6b69-498c-9e4a-e9b7e36ef44c"
"Le Monde","lecteur","üb3r1@stRicht€rin","","http://www.lemonde.fr/","International","News","nein","Thu Jul 20 2017 22:41:14 GMT+0200 (CEST)","ef5808da-6b5f-464b-8092-580f0939811f","12b034b0-6b53-4aba-b803-10ca44568359","f802ce1e-5c9c-4a3a-97a3-45c50ae0aa60"
"The Nikkei 日本経済新聞","jp","Pr@ss3nKürz€5ten","The Nikkei, formally known as The Nihon Keizai Shinbun (日本経済新聞, Japan Economics Newspaper), is Nikkei, Inc.'s flagship publication and the world's largest financial newspaper, with a daily circulation exceeding three million.","https://www.nikkei.com/","International","News","nein","Tue Aug 23 2016 22:41:14 GMT+0200 (CEST)","59f3620b-89f9-4f9b-89fc-7c91ce79aa4f","341a1533-f195-40c6-9d75-afa691b57b4e","f802ce1e-5c9c-4a3a-97a3-45c50ae0aa60"
"Sony Account","mysony","Umdr3htenAu5zuredendAb0nnierten","","https://www.sony.de/mysony","Customer Accounts","Support,Hardware","nein","Thu Dec 14 2017 21:41:14 GMT+0100 (CET)","c82f7bed-41d9-4054-8acd-41074f0e49f0","05527f44-49b3-4556-bd99-17b8991c7282","3c5d967b-076b-4845-8fee-ca819012d8b9"
"Samsung Account","sungsam","P3ntium5chandbaremBegeh7","","https://account.samsung.com/accounts/v1/MBR/signInGate?locale=de_DE","Customer Accounts","Support,Hardware","nein","Sat Jul 22 2017 22:41:14 GMT+0200 (CEST)","8200b701-3621-4139-a703-b5c835131d60","f5ce24fd-c5ce-49a4-b1ea-6d23dbbf234d","3c5d967b-076b-4845-8fee-ca819012d8b9"
"LG Support","user","Ab5t3cktetKöche1tenFragbaren","","https://www.lg.com/de/support/mein-lg/anmeldung","Customer Accounts","Support,Hardware","nein","Mon Apr 24 2017 22:41:14 GMT+0200 (CEST)","3f7addb1-77b7-43a6-9f90-7c7d4e2b857c","fd682f2f-f2bf-4709-8a4f-afef403d629d","3c5d967b-076b-4845-8fee-ca819012d8b9"
"Xiaomi Account (北京小米科技有限责任公司 )","user","Ang310genenGastgebernWandersmann","","https://account.xiaomi.com/pass/serviceLogin?callback=http%3A%2F%2Fglobal.mi.com%2Fen%2Flogin%2Fcallback%3Ffollowup%3Dhttp%253A%252F%252Fwww.mi.com%252Fen%252F%26sign%3DZDk4YmY0MTRkMThmODExYTE0MDljYWRmYzczZmNjOGZjNDAzNzU0Mg%2C%2C&sid=mi_overseaen&_locale=en","Customer Accounts","Support,Hardware","nein","Mon Mar 13 2017 21:41:14 GMT+0100 (CET)","f01b9bf5-4025-4b0a-8b5d-4fd59a0f5e9c","7fc979f9-faa1-44dd-a412-d3aea2d1ff24","3c5d967b-076b-4845-8fee-ca819012d8b9"
"Oneplus Shop","twominus","Armach53FaucheUrtüm1iche","","https://oneplus.net/de/","Customer Accounts","Shopping,Hardware","nein","Sat Apr 01 2017 22:41:14 GMT+0200 (CEST)","c862e6fa-6064-41ce-bea1-59e93f00a053","2093cb1e-767b-405b-acf5-9e7ee89b71f2","3c5d967b-076b-4845-8fee-ca819012d8b9"
"Oneplus Forum","twominus","Umg3kipptesRüffelndF0rtspü1st","","https://forums.oneplus.net/","Customer Accounts","Community,Support","nein","Thu Oct 26 2017 22:41:14 GMT+0200 (CEST)","210e5ff1-06af-4b02-be93-e24335d4e163","05897be0-ba9d-4b1a-ba03-57f6cc059cdd","3c5d967b-076b-4845-8fee-ca819012d8b9"
"Car2Go","benz","Vol1st3nAndremSchrotbr0ts","","https://www.car2go.com/DE/de/","Car Sharing","","nein","Fri Jan 05 2018 21:41:14 GMT+0100 (CET)","79715e5c-3804-41d3-a74c-0e5ac86dcf59","98c2590a-e6eb-4afc-a94a-7d1fbd5526e9","8321fe10-d82f-402a-a1ec-d645208be897"
"DriveNow ","bmw","Warb3nHei15amereDämme","","https://www.drive-now.com/de/de","Car Sharing","","nein","Thu Feb 15 2018 21:41:14 GMT+0100 (CET)","d8a8808c-5ca1-437f-afec-54f8aee825cd","c8655031-e0f8-4237-8e63-2bd8c5e8f3a7","8321fe10-d82f-402a-a1ec-d645208be897"
"Flinkster","car","V3rmutestDruckba1kenSekt0rs","Deutsche Bahn, but they have electric cars","https://www.flinkster.de/kundenbuchung/process.php?proc=online_anmeldung&f_request=J&f=3#","Car Sharing","","nein","Fri Jun 02 2017 22:41:14 GMT+0200 (CEST)","3c13dc12-ffa7-4181-b2de-6c3cd93598d8","2c2e34dc-6dc3-4904-bba6-1c8e855a78cc","8321fe10-d82f-402a-a1ec-d645208be897"
"Stadtmobil Car Sharing","auto","V3rkeilteHal1enbahn5ympathien","","https://www.stadtmobil.de/","Car Sharing","","nein","Tue Mar 21 2017 21:41:14 GMT+0100 (CET)","de93d462-2505-44c0-b8fa-b7ad757ac5fe","eed91b55-1bb4-44a3-bcf3-91e86a61f84f","8321fe10-d82f-402a-a1ec-d645208be897"
"Sixt","rental","Starrt3nReihstErneu7e5","","https://www.sixt.de/","Car Sharing","","nein","Sat Sep 16 2017 22:41:14 GMT+0200 (CEST)","a23325ec-7707-4b6e-a6f4-16b14eee4814","eef25a82-5f0b-4830-aaa5-f8c51f75116c","8321fe10-d82f-402a-a1ec-d645208be897"
"Hertz Rental Cars","car","Frucht3ndAuffalleBei1egte5t","","https://www.hertz.de/rentacar/reservation/","Car Sharing","","nein","Tue Jan 23 2018 21:41:14 GMT+0100 (CET)","d8ab6a00-8a25-4f7a-b9c8-6b146f4e8751","ce9c73e9-023b-41a8-bbed-5f00d4db40bb","8321fe10-d82f-402a-a1ec-d645208be897"
"europcar.de - rental","rental","Kam31sTestete5tJägerin","","https://www.europcar.de/","Car Sharing","","nein","Sat May 07 2016 22:41:14 GMT+0200 (CEST)","e6965f9b-5797-47bc-bf9c-3123e029ee28","fae709ad-9e91-45d2-a424-747f63c12d87","8321fe10-d82f-402a-a1ec-d645208be897"
"Deutsche Bahn Fahrkarten","öpnv","Säub3rungBedanktestBallwech5e1","","https://fahrkarten.bahn.de/cache/start/start.post?lang=de&scope=login&dbkanal_007=L01_S01_D001_KIN0004_TOP-NAVI-LOGIN_LZ01#stay","Mobility","","nein","Fri Aug 19 2016 22:41:14 GMT+0200 (CEST)","d70ee13d-3735-4eca-b719-e2760128677d","817854bf-0e7d-4c6b-9449-8682d86e4c9e","4893b709-7c48-4631-84b7-03922332859f"
"Flixbus","bus","Mitspr3cheAnkaufte5t1agebedingt","","https://www.flixbus.de/","Mobility","","nein","Fri Apr 07 2017 22:41:14 GMT+0200 (CEST)","5ff7fde6-feb0-4c31-8bc2-29ace1eb24de","d9524c6a-e363-4ce1-839f-f6deb1a65c41","4893b709-7c48-4631-84b7-03922332859f"
"BQ","customer","Sp0ntan5t3AufgepeppteUnentdeckt","","https://www.bq.com/de/","Customer Accounts","Hardware,Support","nein","Tue Jul 12 2016 22:41:14 GMT+0200 (CEST)","00c1004d-56f8-4e88-b481-3b84b78c931a","ed1a3790-11a8-48a2-9524-75bc1e1761ab","3c5d967b-076b-4845-8fee-ca819012d8b9"
"Wiko Customer Account","user","F3rienidyllV01ksfestesWieners","","https://customer-de.wikomobile.com/src/engine.php","Customer Accounts","Hardware,Support","nein","Fri Oct 14 2016 22:41:14 GMT+0200 (CEST)","13b5d035-d183-417f-84fe-af289922407c","6deb2549-12af-4a6a-af5b-7c4d45a132ac","3c5d967b-076b-4845-8fee-ca819012d8b9"
"Razer Gaming Stuff","user","N3tt0zinsenPrivi1egsMachbaren","","https://www.razerzone.com/de-de","Customer Accounts","Hardware,Gaming,Support","nein","Fri Nov 11 2016 21:41:14 GMT+0100 (CET)","937ccade-e332-4b64-9687-986f6e8b6554","99b5c4f9-4f38-4c93-9ac0-a617c63b4315","3c5d967b-076b-4845-8fee-ca819012d8b9"
"Logitech","keyboard","S0mm3rb1umeAbgingeAbgedankter","","https://www.logitech.com/de-de","Customer Accounts","Hardware,Support,Gaming","nein","Tue Oct 25 2016 22:41:14 GMT+0200 (CEST)","8d9cfdc6-726a-43e1-8a12-1c71ba0a691e","b86632b7-536f-4664-8bdd-38bf275e0947","3c5d967b-076b-4845-8fee-ca819012d8b9"
"Facebook (Second Account)","fakeuser","Pa1äarktisPfand3sUmsp0nnenem","","https://www.facebook.com/","Social Media","Community,Social","nein","Wed Feb 08 2017 21:41:14 GMT+0100 (CET)","ce55cd46-ff8b-4c0d-a970-beb730d49482","0b64bb5d-17fa-4405-a7f1-3db32e848a4b","2bca0b6f-fdd1-4f91-8892-c179df32b296"
"MySpace","lol","123456789","","https://myspace.com/","Social Media","Social,Community","nein","Wed Jul 19 2017 22:41:14 GMT+0200 (CEST)","f09363be-5af3-479e-be53-7c4db0d64537","72ddca13-6a71-4f76-ba08-6438fcad46bf","2bca0b6f-fdd1-4f91-8892-c179df32b296"
"Vero Social Network","social","Daur3VermummHumans7e5","","https://www.vero.co/","Social Media","Social,Community","nein","Mon Aug 29 2016 22:41:14 GMT+0200 (CEST)","29e48790-fb1c-41c9-b62d-c67bda395655","456d3685-46c8-4462-a135-bf99b44a0d5f","2bca0b6f-fdd1-4f91-8892-c179df32b296"
"Instagram","photos","Wägbar35eparatemNage1nde","","https://www.instagram.com/","Social Media","Social,Community","nein","Wed Jan 10 2018 21:41:14 GMT+0100 (CET)","dc7dd7a3-f39d-4cec-99d4-cd1b9d1a67e1","2bb55d12-9376-43cf-8745-66b6bb02fe3b","2bca0b6f-fdd1-4f91-8892-c179df32b296"
"Flickr","photos","Ansch0bstPrivatbri3fG1asieren","","https://www.flickr.com/","Social Media","Social,Community","nein","Fri May 06 2016 22:41:14 GMT+0200 (CEST)","a968d5c2-b6d2-4367-a189-0539ab0689dc","d467f0f8-99ce-4e07-a8d4-16e826969f3c","2bca0b6f-fdd1-4f91-8892-c179df32b296"
"Tumblr","blogging","Abzuwi3genWälzendeMu1d3n","","https://www.tumblr.com/","Social Media","Social,Community,Blogging","nein","Fri Jul 14 2017 22:41:14 GMT+0200 (CEST)","37c7919a-0c42-4e12-8d53-6309900f6a0e","9095b5f9-8df5-49cd-bd86-86f6d38f5632","2bca0b6f-fdd1-4f91-8892-c179df32b296"
"Blogger","blog","Sitz3ndenAbkap5e1eAngebereien","> Google Tumblr Clone","https://www.blogger.com/about/?r=1-null_user","Social Media","Community,Social,Blogging","nein","Sat Dec 30 2017 21:41:14 GMT+0100 (CET)","8bd7f976-b416-4267-b502-0356819dc17d","da28e59f-c550-4f50-a14e-800b0a14b301","2bca0b6f-fdd1-4f91-8892-c179df32b296"
"Reddit","troll","Abg3nicktenZögernd5tAnmaß7en","","https://www.reddit.com/","Social Media","Community,Social","nein","Sun Jan 21 2018 21:41:14 GMT+0100 (CET)","388fb3d1-0346-4c28-8ffb-8501515ad4b4","a642a7fe-97c1-4009-b62b-9d86b21e6896","2bca0b6f-fdd1-4f91-8892-c179df32b296"
"futuremark.com - benchmark","benchmark","Ank1ang5NacktB3zauberter","","https://www.futuremark.com/","Private","Hardware,Gaming","nein","Thu Dec 08 2016 21:41:14 GMT+0100 (CET)","ba60de9f-6e54-466a-954b-779465ed6ffc","c949e6f8-5cea-4a6e-8892-bf2e9c475208","f314c8a0-3733-482f-8295-f18195a8ec43"
"Computerbase","user123","V3rdünntemEr5chreck7Anhäufend","","https://www.computerbase.de/forum/","IT","Community,Software,Gaming,Hardware,News","nein","Thu Nov 10 2016 21:41:14 GMT+0100 (CET)","1e249e1d-d986-4a9c-92ce-073db86c95c4","da65b6c7-1a5c-49b9-8989-1328093ecf52","932b6d14-ae75-4366-9ea3-a28ac17c3bc2"
"Golem","user456","Ti3ferD0zierteUmsege1tet","","https://www.golem.de/","IT","Community,Developer,Software,News","nein","Wed Nov 23 2016 21:41:14 GMT+0100 (CET)","39d2e9ad-42dd-4c55-bfe9-43697b12307e","0953bf26-e93e-42f3-ab07-ed05ac45dcdc","932b6d14-ae75-4366-9ea3-a28ac17c3bc2"
"Heise","ct","B3werfendesM0tzeAbwei5t","","https://www.heise.de/","IT","Community,Developer,Software,News","nein","Wed Jun 07 2017 22:41:14 GMT+0200 (CEST)","41cb1fa2-9a28-472f-8873-7e247df13e17","3dc98819-70a6-4094-80ef-e50d771792d5","932b6d14-ae75-4366-9ea3-a28ac17c3bc2"
"Chip.de","user196","V3rk0ppelInnehabenWede1t","","http://www.chip.de/","IT","Community,Software","nein","Tue Sep 26 2017 22:41:14 GMT+0200 (CEST)","7f38be71-5dd2-42b7-96d2-506602a28f8d","091a2d38-1e65-480a-8760-cd6c76d7bd55","932b6d14-ae75-4366-9ea3-a28ac17c3bc2"
"Media Markt","shopping","Ansäg3ndZwickzangenPeil5igna1","","http://www.mediamarkt.de/","Shopping","Shopping,Hardware","nein","Wed Jul 12 2017 22:41:14 GMT+0200 (CEST)","3808348f-5525-4c4b-a66e-d9605dde9bac","5cf57cea-5875-42d1-a9fe-2cbc1a23fc63","0dd479a8-c1dd-4f65-b4b5-36fe0a3ce70c"
"Saturn","customer","G3schauertWi1dcard5Mündigen","","http://www.saturn.de/","Shopping","Shopping,Hardware","nein","Wed Aug 31 2016 22:41:14 GMT+0200 (CEST)","83f11ec4-bfa3-4b32-a7fe-3dc07dded245","61c244b3-1e77-4f89-8deb-07789c3cb2c5","0dd479a8-c1dd-4f65-b4b5-36fe0a3ce70c"
"Outlook","mail","Mütt3rchenSiebenfacheMu5tertex7","","https://outlook.live.com/owa/","Work","Cloud Services","nein","Thu Aug 24 2017 22:41:14 GMT+0200 (CEST)","ed1a0c62-8c37-41c8-8674-9b4918085a32","5067cd12-3ef8-47a6-97e5-de0fcc8e4e9d","4a631e6f-6ea0-443b-a3f2-ab4b3e5b4eb2"
"Onedrive","storage","Taiwan3rnGeknöpfterWieher73n","","https://onedrive.live.com/about/de-de/","Work","Cloud Services","nein","Mon Sep 04 2017 22:41:14 GMT+0200 (CEST)","83abf871-138f-46a2-9d51-73836a902969","b06f7b14-bd1b-4bdd-9917-6be0df93edcb","4a631e6f-6ea0-443b-a3f2-ab4b3e5b4eb2"
"Office 365","writer","Walz3nhöheBe5türzteP1eitegehen","","https://products.office.com/de-de/home","Work","Cloud Services","nein","Fri Apr 29 2016 22:41:14 GMT+0200 (CEST)","c7cd0987-4920-45c7-8366-ca4688932c43","aca67434-34b9-474a-94e8-601ba8613937","4a631e6f-6ea0-443b-a3f2-ab4b3e5b4eb2"
"Uplay","purchase","Stich3ltenA1tbayernRinnende5","","https://uplay.ubi.com/","Hobbies","Gaming,Shopping,Software","nein","Fri Aug 11 2017 22:41:14 GMT+0200 (CEST)","e379cc6f-061b-4acd-86fe-45b2d55623a6","008c20f9-2da2-4a97-87e9-c22f4a868f3d","160a73c5-583c-429c-99c4-bb71e2ce4262"
"Nexusmods","mod","G3würfe1tFindbarRadar5chirm","","https://www.nexusmods.com/games?","Hobbies","Gaming,Community","nein","Thu Aug 25 2016 22:41:14 GMT+0200 (CEST)","9971cf73-3f5e-44ee-addb-011737cfc0bd","f7fa936b-541e-4b2e-b4eb-b0b533b45f02","160a73c5-583c-429c-99c4-bb71e2ce4262"
"CD Projekt Red","gamer","V3rarmendeGewächsenF1ügge5","","http://en.cdprojektred.com/","Hobbies","Gaming,Software","nein","Tue Nov 14 2017 21:41:14 GMT+0100 (CET)","1a68ceed-268c-4f27-ab43-c8be7715a9bf","8a101812-feb9-4525-b084-06dc768040f3","160a73c5-583c-429c-99c4-bb71e2ce4262"
"DJI Drones","fly","3inweichteZerbarstetTranchier57","","https://account.dji.com/login?appId=store&locale=DE_DE&backUrl=https%3A%2F%2Fwww.dji.com%2Fde","Hobbies","Hardware","nein","Wed Nov 09 2016 21:41:14 GMT+0100 (CET)","c2ec8f81-b2a8-4b5d-a524-33eb47c4a10d","98c9ef1b-c2f5-4413-95b5-6fd249f9f382","160a73c5-583c-429c-99c4-bb71e2ce4262"
"Komoot","sport","Ton10s3nUmfasseBefeuertes","","https://www.komoot.de/","Hobbies","Community","nein","Tue Nov 01 2016 21:41:14 GMT+0100 (CET)","b657b4a9-81f9-405a-8912-e5afc4c6ac1a","328ab02d-641e-477d-a896-78fefc1d409d","160a73c5-583c-429c-99c4-bb71e2ce4262"
"Let's Encrypt Community","ssl","Hall3ndenRedigierung1äu7ernden","","https://community.letsencrypt.org/","Development","Community,Developer","nein","Fri Apr 22 2016 22:41:14 GMT+0200 (CEST)","622e9acb-674a-4755-86e3-2a6f8fa8dad9","665648bc-6304-41f5-a967-092260467e03","4c36124d-5349-48bd-b2d3-73a43045f76c"
"Mystery Account","lol","Bolzan0G3köpftenAsy1","What could this be? I definitely don't know! Never seen it!","http://bfy.tw/5zh","Private","","nein","Fri Dec 22 2017 21:41:14 GMT+0100 (CET)","5c71bcb7-05f7-4099-89d9-2d807ffe0d5c","ad2004f4-1567-4cd1-9515-63e6446dd2d7","f314c8a0-3733-482f-8295-f18195a8ec43"
"Bugzilla","bug","Ri3genSatiniertesIrrwi7zige5","","https://bugzilla.mozilla.org/","Development","Community,Support","nein","Sat Sep 23 2017 22:41:14 GMT+0200 (CEST)","6d47b37b-da84-4670-ab43-903d2d63070a","cc210cf3-396f-4f3c-9a92-506836a72ecb","4c36124d-5349-48bd-b2d3-73a43045f76c"
"Mozilla Support","help","Stimml0sKavali3renVerwe1ktes","","https://support.mozilla.org/de/users/auth","Private","Community","nein","Thu Jan 05 2017 21:41:14 GMT+0100 (CET)","b67b4e9c-d080-4a26-9489-506b4a2f9490","215b9578-f076-4126-928c-933e0d9979dc","f314c8a0-3733-482f-8295-f18195a8ec43"
"gamestar.de - reader","reader","P0rti3rtetältesterErk1immtet","","http://www.gamestar.de/","IT","Community,Gaming","nein","Sat Oct 07 2017 22:41:14 GMT+0200 (CEST)","015c0cf9-9117-4ad8-b0fb-1b54eb41fbf3","29470b4b-b043-4d53-9c4d-94fb11e961a8","932b6d14-ae75-4366-9ea3-a28ac17c3bc2"
"Pinterest","photo","Bind3tUnerf0rschtKrank5t","","https://www.pinterest.de/","Social Media","Social","nein","Wed Apr 06 2016 22:41:14 GMT+0200 (CEST)","398954e1-d9de-4dbe-ae61-4c82233f33bf","81c9d12b-c786-411b-929f-7fdfd1e9c984","2bca0b6f-fdd1-4f91-8892-c179df32b296"
"Vimeo","watch","$h0rT","","https://vimeo.com/","Entertainment","Community,Social,Streaming,Video","nein","Wed May 24 2017 22:41:14 GMT+0200 (CEST)","e3867f63-cb83-491f-9b5c-6e22608733df","54934121-ba9c-44c1-899b-7d2551e3f400","b4e7fb45-8459-456b-9074-10b2d2d8a46d"
"Soundcloud","music","Oxidati0nH3imzah1tenFindige","","https://soundcloud.com/","Entertainment","Community,Music","nein","Fri Jan 20 2017 21:41:14 GMT+0100 (CET)","6d70fe0f-9339-4ba5-92ce-c2cf13fb6b7a","5cd40193-ab29-4561-bedd-83eabcfbb15b","b4e7fb45-8459-456b-9074-10b2d2d8a46d"
"BBC","reader","Tr0ck3nererAnvisierten5temmenden","","http://bbc.co.uk/","International","News","nein","Sun Jun 05 2016 22:41:14 GMT+0200 (CEST)","25d798be-5cf5-4887-9c26-6bd46cd7cdfa","267465bb-302a-4015-afaa-b77fa561ab69","f802ce1e-5c9c-4a3a-97a3-45c50ae0aa60"
"ISSUU Publisher Account","publish","S3elenhei1eExpositi0nAbhängt","","https://issuu.com/","Work","Cloud Services","nein","Wed Mar 30 2016 22:41:14 GMT+0200 (CEST)","03bba6af-550a-488a-af52-569b0523c494","20bab7dd-2775-451d-bbbe-1ae184a606dc","4a631e6f-6ea0-443b-a3f2-ab4b3e5b4eb2"
"Yelp","rate","BuchsbaumsBasis1ag3r5Erneuernden","","https://www.yelp.com/","Private","Community","nein","Tue May 23 2017 22:41:14 GMT+0200 (CEST)","b7cd1ce9-ed00-4ea6-aaa4-6dfccb160aed","36f84ee6-89e8-4cad-9fab-93e3ff720812","f314c8a0-3733-482f-8295-f18195a8ec43"
"IMDb","movies","Gal3rienNeblig5tFlege1hafte","","https://www.imdb.com/","Entertainment","Community","nein","Wed May 25 2016 22:41:14 GMT+0200 (CEST)","3f72b183-5222-4f7d-a3c3-f486489cadf3","48adbe84-151e-4f9d-84e6-f532d00b5a0d","b4e7fb45-8459-456b-9074-10b2d2d8a46d"
"Washington Post","user","Rauchig3sGehackteEhe5tif7er","","https://www.washingtonpost.com/","International","News","nein","Thu Dec 08 2016 21:41:14 GMT+0100 (CET)","d619cc12-0267-4f63-a5a1-ea077d547cba","2c23467b-96e9-4ba0-9600-d8201908dd41","f802ce1e-5c9c-4a3a-97a3-45c50ae0aa60"
"Rakuten Japan","buy","W3gzufegendZeilenweiseEntg1ei5t","","https://www.rakuten.co.jp/","Shopping","Shopping","nein","Thu Jan 12 2017 21:41:14 GMT+0100 (CET)","af320c54-8507-41ec-89cd-44d138b699f3","ac882c95-d33a-495c-9d37-a8dc6c132d5d","0dd479a8-c1dd-4f65-b4b5-36fe0a3ce70c"
"Telegraph","reader","V3rpolteMilizenGrapho10gen","","https://www.telegraph.co.uk/","International","News","nein","Fri Apr 15 2016 22:41:14 GMT+0200 (CEST)","6df6001b-2402-4d66-b4b7-3fb3936514ee","736b8f43-c907-4b83-9915-cab9ddac608d","f802ce1e-5c9c-4a3a-97a3-45c50ae0aa60"
"Etsy","buy","Funk31tMasernsJu5tieren","","https://www.etsy.com/","Shopping","Shopping","nein","Sat Dec 16 2017 21:41:14 GMT+0100 (CET)","0db78aca-7fa3-438f-9d0a-867f8baa5608","ae41ce41-8737-482e-86c6-96eaa85ba490","0dd479a8-c1dd-4f65-b4b5-36fe0a3ce70c"
"Rakuten","buyer","3rglühtetG1itzerte5tEntwendeten","","https://www.rakuten.de/","Shopping","Shopping","nein","Tue Feb 20 2018 21:41:14 GMT+0100 (CET)","d8e6ef48-f4e1-4b63-85f6-1605226b8f27","ca9b0a65-e688-4ff4-ba40-754d9fd906aa","0dd479a8-c1dd-4f65-b4b5-36fe0a3ce70c"
"Change.org","activism","3ntfesse1nVerkupfereErnähr5t","","https://www.change.org/","Private","Community","nein","Wed Aug 17 2016 22:41:14 GMT+0200 (CEST)","4a1c4cfd-b4fd-4b80-8f62-f70354a9ed5f","fde400b0-5277-44d7-8bb0-a6b29e8d6705","f314c8a0-3733-482f-8295-f18195a8ec43"
"TripAdvisor","travel","NotaAbdrift3tenFikti0na1","","https://www.tripadvisor.com","Private","Community","nein","Mon Dec 18 2017 21:41:14 GMT+0100 (CET)","aa5109ed-8efc-45e7-bcb7-cea60bd7a039","96254c9d-903b-40e7-a590-4632a2237ad4","f314c8a0-3733-482f-8295-f18195a8ec43"
"Booking.com","book","N3u5temAufkochendeKr0atinnen","","https://www.booking.com/index.de.html","Shopping","Shopping","nein","Fri May 27 2016 22:41:14 GMT+0200 (CEST)","76ce65a0-9ee9-4ed3-92de-35f920bd7c12","fe366c0a-be09-4188-b725-d0e3814c7440","0dd479a8-c1dd-4f65-b4b5-36fe0a3ce70c"
"Cisco Login","switches","Knitt3rigen0rgelk1angHitze","","https://www.cisco.com/c/en/us/about/account.html","Work","Hardware","nein","Tue Jan 16 2018 21:41:14 GMT+0100 (CET)","65c1cfde-7c0d-4041-8abb-632a4696728c","5921847e-289e-4e7e-b59a-f6e39d5862a9","4a631e6f-6ea0-443b-a3f2-ab4b3e5b4eb2"